<?xml version="1.0" encoding="UTF-8"?>
<project-private xmlns="http://www.netbeans.org/ns/project-private/1">
    <editor-bookmarks xmlns="http://www.netbeans.org/ns/editor-bookmarks/2" lastBookmarkId="0"/>
    <open-files xmlns="http://www.netbeans.org/ns/projectui-open-files/2">
        <group>
            <file>file:/C:/Users/Familia/Documents/NetBeansProjects/Compilador2/src/compilador2/CConstant.java</file>
            <file>file:/C:/Users/Familia/Documents/NetBeansProjects/Compilador2/src/compilador2/Compilador2.java</file>
            <file>file:/C:/Users/Familia/Documents/NetBeansProjects/Compilador2/src/compilador2/I_Constant.java</file>
            <file>file:/C:/Users/Familia/Documents/NetBeansProjects/Compilador2/src/compilador2/AnalizadorLexico.java</file>
        </group>
    </open-files>
</project-private>
